deiv,David,González,12345678A,deiv@mail.com,+34,612345678,Madrid,Madrid,Calle Mayor,10,12-05-1990,15-01-2023
aimi,Ana,Imbert,87654321B,aimi@mail.com,+34,634567890,Barcelona,Barcelona,Calle Balmes,22,23-09-1987,10-11-2022
cesi,Cesar,Iglesias,23456789C,cesi@mail.com,+34,645678901,Valencia,Valencia,Calle Colon,5,01-12-1995,20-03-2023
juan,Juan,Pérez,34567890D,juan@mail.com,+34,676789012,Sevilla,Sevilla,Calle Feria,18,08-07-1993,30-06-2021
marco,Marco,Martínez,45678901E,marco@mail.com,+34,687890123,Málaga,Málaga,Calle Larios,25,14-02-1989,05-05-2022
ana,Ana,Ramírez,56789012F,ana@mail.com,+34,698901234,Bilbao,Bilbao,Calle Gran Vía,30,19-03-1992,25-07-2023
luis,Luis,Suárez,67890123G,luis@mail.com,+34,609012345,Zaragoza,Zaragoza,Calle Alfonso,15,31-10-1994,14-09-2020
maria,María,López,78901234H,maria@mail.com,+34,620123456,Valladolid,Valladolid,Calle Santiago,8,05-01-1991,21-04-2021
